{"cameraMode":{"drawMode":0,"name":"Shaded","section":"Shading Mode"},"sceneLighting":true,"audioPlay":false,"sceneViewState":{"m_AlwaysRefresh":false,"showFog":true,"showSkybox":true,"showFlares":true,"showImageEffects":true,"showParticleSystems":true,"showVisualEffectGraphs":true,"m_FxEnabled":false},"in2DMode":false,"pivot":{"x":-9.256793022155762,"y":-35.65540313720703,"z":-8.797042846679688},"rotation":{"x":0.059084679931402209,"y":0.9183382987976074,"z":-0.15008124709129334,"w":0.36146047711372378},"size":21.864973068237306,"orthographic":true}